<?xml version="1.0" encoding="UTF-8" standalone="yes" ?>
<!-- This document contains data on Jazz Warehouse special offers -->
<?xml-stylesheet type="text/css" href="JW.css" ?>

<SPECIALS>
<TITLE>Monthly Specials at the Jazz Warehouse</TITLE>
<MESSAGE>
<![CDATA[
   Here are some of the latest specials from the Jazz Warehouse.
   Please note that all Miles Davis & John Coltrane CD's will be on
   sale for the month of March.
]]>
</MESSAGE>
   <CD>Kind of Blue
      <ARTIST>Miles Davis</ARTIST>
      <PRICEUS>US: $11.99</PRICEUS>
      <PRICEUK>UK: &#163;8.39</PRICEUK>
      <TRACK length="9:22">So What</TRACK>
      <TRACK length="9:46">Freddie Freeloader</TRACK>
      <TRACK length="5:37">Blue in Green</TRACK>
      <TRACK length="11:33">All Blues</TRACK>
      <TRACK length="9:26">Flamenco Sketches</TRACK>
   </CD>
   <CD>Cookin'
      <ARTIST>Miles Davis</ARTIST>
      <PRICEUS>US: $7.99</PRICEUS>
      <PRICEUK>UK: &#163;5.59</PRICEUK>
      <TRACK length="5:57">My Funny Valentine</TRACK>
      <TRACK length="9:53">Blues by Five</TRACK>
      <TRACK length="4:22">Airegin</TRACK>
      <TRACK length="13:03">Tune-Up</TRACK>
   </CD>
   <CD>Blue Train
      <ARTIST>John Coltrane</ARTIST>
      <PRICEUS>US: $8.99</PRICEUS>
      <PRICEUK>UK: &#163;6.29</PRICEUK>
      <TRACK length="10:39">Blue Train</TRACK>
      <TRACK length="9:06">Moment's Notice</TRACK>
      <TRACK length="7:11">Locomotion</TRACK>
      <TRACK length="7:55">I'm Old Fashioned</TRACK>
      <TRACK length="7:03">Lazy Bird</TRACK>
   </CD>
</SPECIALS>
